id,hash_coordinates,hash_uuid,log_timestamp
11,SlPcQHttHQJwPAhbKjyZwwGubLNXnn2cT/LLPfIHc+y7KHwXamqKkS/ILENEoNEcg68UuuVM+EH/Yn1oAKXE1Q==,JN57xBHirjdEsRAbSBuxHMpqQ+TrzKmz2AAVkUw5/v4ohzZaRtGmSLilI8K4BynahK+o3wvv0niOWTtQRBCKTA==,"2024-07-10 15:21:50"
12,Oql3WO+9k+I8+9IsSkWycBhTkF/FB2zPuU2XBMbbZdRunRmkgWokrZMJUpyw2DgrtJER43xZnZRmc06L+b7Y+g==,WtoCp4cRFek8Ed3LFCTE0OX8zUjslMS1j81Ni7Q03R+zyF/pnvUNj/xgH1c1Y9jktYprqykKT1658/gXub8ifQ==,"2024-07-10 15:21:57"
13,zQa6YWV0qYsrlRwvfRGtrPVXxjXCDgE3ZN1WVqetiWsjskOtVy2f70FBGYVwg7QuycRw3DEychUDTg+iDpnZAA==,2unaYE4ytJ38qkVBKTJuPG1JgOjBmx2gqR6+3zAsn0uCfK+vTYfMYXH+mz4gR3bHda0ynu+/UJuguUnLdp9uWA==,"2024-07-10 15:23:20"
14,7r2rPhzZL6Nb/nRlbPDY/f5k0/WF6rh7NHt2gfNBrw5jsCeYAzydthTc6JM4FF/RRTrsV1u/WAyWW1kXL5JKGA==,13yhq7+Ebosubx+h2IPGJ9TPlqA08uvLuhyc3G2md/4kZnRtb6PepyrBF6+5lOErqLRTRI/3ACWnDqHElLiFtg==,"2024-07-10 15:23:29"
15,C2tjoIZAdlMAi3mcmH7I02YiMoprLnhQdKN1Oc5YFIQiCnNiVcht26vKrSB7/SCsSUHD6UIt4RJ61vrlq99NBA==,G0CsGN+OLWR2WERI6oHuun8xp4gCLFfUNqY8NAvzVs4GfcdjtuQgJwYA6SkRbSP3Ok2KajsvYPLzJreBnhou+g==,"2024-07-10 15:23:36"
16,KMEUMAZgS0bBTPonXfnIb4UTbKBpYxcP7kH7qGd9eOfNRQdGFQIRDXSCsR16KQtQACO0xtIwzJJLzZbY0XhsWA==,43W2FDQL0DG2WDSSdGle8sAaBumSSMR918ktoQc66hzAu0FEejS9aP/CldTJEEq14nCvis2oSrYTDMRdZUda5g==,"2024-07-10 15:25:22"
17,+czYlBDVm/PU4IhRVPb9IbDsc6PnaXcegQAFB4gfHoLO58TznRG8AwJzud5VkE7xA7orKyiKhi8jfx/t2i9D/w==,F1L9pyGEN+c0MsEZEnK5GhE7gxXWOpXx/WGJrQf/mCrzeh0lkaDj683aglyVyslBXrJPQdAkwfvvabAtEeF4/g==,"2024-07-10 15:25:29"
18,qYDAz9Av/sKMSBtEmLhtYrPWpvP9gj2clbBWdVlQYJOV9naCzJTJqP1adZDvnd5zM7V4O+Yui0ePVA3c4S4h1A==,6l4uW8ZYUEJBSITmhsgFruKQGwf5krjb4oQnvbXbpJtzV4LnP/0IV8RMZOBvLLIhyS4UmCNX/k+PodClQ3qM2w==,"2024-07-10 15:25:35"
19,U4CBc0njeuf5Xl/mjgeqkH8JXtCQIcPp+0ugKasWHlqzso6KL+gnhMcFp/krSKWHfLuHBYBmMwdC8DGXNrtoDg==,/LoetNitge1uhpPsgAq0sAle2PR28AtsJHgCK+azJOWS/qYGQwppIrQqk4t9nZlGek+4rAwT3yCJ+8vQIpl3wg==,"2024-07-10 15:30:33"
20,4nOFed3P/WOYkXUfh+wdkB0IaFAmgRcbEYz9bxeJoJmjKAbqRWbWaerrV44TcIn80uQhS2ZGyFoeGo7ZQ3mj7A==,Uo7AQi+aQhThWAmEtpW4agmSEaDXR4C7+HXbkKbBZ3mGhBiHcjcJ5rM0FljrRlttoMTgq4VnpBNN6Sp/vESDpg==,"2024-07-10 15:31:30"
